Name,Age,Salary,Payment Status
Employee_1,44,80864,Unpaid
Employee_2,36,71214,Unpaid
Employee_3,56,30623,Paid
Employee_4,30,33858,Unpaid
Employee_5,35,40166,Paid
Employee_6,55,99751,Unpaid
Employee_7,26,91174,Unpaid
Employee_8,45,53468,Unpaid
Employee_9,56,38107,Unpaid
Employee_10,40,93370,Paid
Employee_11,21,98054,Unpaid
Employee_12,34,33660,Paid
Employee_13,36,43800,Unpaid
Employee_14,55,84194,Unpaid
Employee_15,27,53609,Paid
Employee_16,38,56540,Paid
Employee_17,33,74274,Paid
Employee_18,45,63385,Unpaid
Employee_19,48,58815,Paid
Employee_20,25,72553,Unpaid
